AUC score	Balanced accuracy score	Precision	Recall	species	antibiotic	MOA	fold	case	R1	S1	Rn	Sn	distance	model	split
0.723482142857143	0.5	0.0	0.0	Klebsiella pneumoniae	amikacin	PSI	0	A-a	212	81	321	0	4.308972766337762	LightGBM	scheme
0.683845663265306	0.5	0.0	0.0	Klebsiella pneumoniae	amikacin	PSI	1	A-a	212	82	321	0	4.308972766337762	LightGBM	scheme
0.7318606505102041	0.5	0.0	0.0	Klebsiella pneumoniae	amikacin	PSI	2	A-a	212	82	321	0	4.308972766337762	LightGBM	scheme
0.7221141581632652	0.5	0.0	0.0	Klebsiella pneumoniae	amikacin	PSI	3	A-a	212	82	321	0	4.308972766337762	LightGBM	scheme
0.7257270408163267	0.5	0.0	0.0	Klebsiella pneumoniae	amikacin	PSI	4	A-a	212	82	321	0	4.308972766337762	LightGBM	scheme
0.7300255102040815	0.5	0.0	0.0	Klebsiella pneumoniae	amikacin	PSI	5	A-a	212	82	321	0	4.308972766337762	LightGBM	scheme
0.6618255739795917	0.5	0.0	0.0	Klebsiella pneumoniae	amikacin	PSI	6	A-a	213	82	321	0	4.308972766337762	LightGBM	scheme
0.6818314049586776	0.5	0.0	0.0	Klebsiella pneumoniae	amikacin	PSI	7	A-a	213	82	322	0	4.308972766337762	LightGBM	scheme
0.7405190082644628	0.5	0.0	0.0	Klebsiella pneumoniae	amikacin	PSI	8	A-a	213	82	322	0	4.308972766337762	LightGBM	scheme
0.7356462809917355	0.5	0.0	0.0	Klebsiella pneumoniae	amikacin	PSI	9	A-a	213	82	322	0	4.308972766337762	LightGBM	scheme
0.5466960000000001	0.4986	0.5020875491680787	0.9200000000000002	Klebsiella pneumoniae	amikacin	PSI	10	A-b	212	81	0	39	4.308972766337762	LightGBM	scheme
0.6220559999999999	0.4986	0.4965064205888674	0.9200000000000002	Klebsiella pneumoniae	amikacin	PSI	11	A-b	212	82	0	39	4.308972766337762	LightGBM	scheme
0.5437759999999999	0.4675999999999999	0.4858070388594022	0.88	Klebsiella pneumoniae	amikacin	PSI	12	A-b	212	82	0	39	4.308972766337762	LightGBM	scheme
0.6299359999999999	0.4938	0.499065907716452	0.9200000000000002	Klebsiella pneumoniae	amikacin	PSI	13	A-b	212	82	0	39	4.308972766337762	LightGBM	scheme
0.6533854166666666	0.4854166666666666	0.4938923595086015	0.9166666666666669	Klebsiella pneumoniae	amikacin	PSI	14	A-b	212	82	0	40	4.308972766337762	LightGBM	scheme
0.6324826388888889	0.4914583333333333	0.4967707480700403	0.9166666666666669	Klebsiella pneumoniae	amikacin	PSI	15	A-b	212	82	0	40	4.308972766337762	LightGBM	scheme
0.6204253472222222	0.4693750000000001	0.4834327291634439	0.875	Klebsiella pneumoniae	amikacin	PSI	16	A-b	213	82	0	40	4.308972766337762	LightGBM	scheme
0.5403993055555556	0.4733333333333334	0.4829633501778994	0.875	Klebsiella pneumoniae	amikacin	PSI	17	A-b	213	82	0	40	4.308972766337762	LightGBM	scheme
0.6140364583333333	0.4966666666666667	0.5007555732298471	0.875	Klebsiella pneumoniae	amikacin	PSI	18	A-b	213	82	0	40	4.308972766337762	LightGBM	scheme
0.471484375	0.4670833333333333	0.4808274463294317	0.875	Klebsiella pneumoniae	amikacin	PSI	19	A-b	213	82	0	40	4.308972766337762	LightGBM	scheme
0.5191836734693879	0.5	0.0	0.0	Klebsiella pneumoniae	amikacin	PSI	20	A-c	194	0	339	57	4.308972766337762	LightGBM	scheme
0.6956122448979594	0.5	0.0	0.0	Klebsiella pneumoniae	amikacin	PSI	21	A-c	194	0	339	57	4.308972766337762	LightGBM	scheme
0.8201020408163265	0.5	0.0	0.0	Klebsiella pneumoniae	amikacin	PSI	22	A-c	194	0	339	57	4.308972766337762	LightGBM	scheme
0.6284693877551021	0.5	0.0	0.0	Klebsiella pneumoniae	amikacin	PSI	23	A-c	194	0	339	57	4.308972766337762	LightGBM	scheme
0.509861111111111	0.5	0.0	0.0	Klebsiella pneumoniae	amikacin	PSI	24	A-c	194	0	339	58	4.308972766337762	LightGBM	scheme
0.4959722222222222	0.5	0.0	0.0	Klebsiella pneumoniae	amikacin	PSI	25	A-c	194	0	339	58	4.308972766337762	LightGBM	scheme
0.5884722222222223	0.5	0.0	0.0	Klebsiella pneumoniae	amikacin	PSI	26	A-c	195	0	339	58	4.308972766337762	LightGBM	scheme
0.6295833333333334	0.5	0.0	0.0	Klebsiella pneumoniae	amikacin	PSI	27	A-c	195	0	340	58	4.308972766337762	LightGBM	scheme
0.6668055555555555	0.5	0.0	0.0	Klebsiella pneumoniae	amikacin	PSI	28	A-c	195	0	340	58	4.308972766337762	LightGBM	scheme
0.5672222222222223	0.5	0.0	0.0	Klebsiella pneumoniae	amikacin	PSI	29	A-c	195	0	340	58	4.308972766337762	LightGBM	scheme
0.9640816326530612	0.5	0.0	0.0	Klebsiella pneumoniae	amikacin	PSI	30	A-d	0	63	339	57	4.308972766337762	LightGBM	scheme
0.8828571428571429	0.5549999999999998	0.91	0.1428571428571428	Klebsiella pneumoniae	amikacin	PSI	31	A-d	0	64	339	57	4.308972766337762	LightGBM	scheme
0.7512244897959184	0.6342857142857141	0.9233333333333332	0.2857142857142856	Klebsiella pneumoniae	amikacin	PSI	32	A-d	0	64	339	57	4.308972766337762	LightGBM	scheme
0.4883673469387755	0.5714285714285712	1.0	0.1428571428571428	Klebsiella pneumoniae	amikacin	PSI	33	A-d	0	64	339	57	4.308972766337762	LightGBM	scheme
0.6401388888888888	0.75	1.0	0.5	Klebsiella pneumoniae	amikacin	PSI	34	A-d	0	64	339	58	4.308972766337762	LightGBM	scheme
0.6852777777777779	0.6275	0.8406666666666668	0.3333333333333334	Klebsiella pneumoniae	amikacin	PSI	35	A-d	0	64	339	58	4.308972766337762	LightGBM	scheme
0.782638888888889	0.5758333333333333	0.92	0.1666666666666667	Klebsiella pneumoniae	amikacin	PSI	36	A-d	0	64	339	58	4.308972766337762	LightGBM	scheme
0.59125	0.6666666666666669	1.0	0.3333333333333334	Klebsiella pneumoniae	amikacin	PSI	37	A-d	0	64	340	58	4.308972766337762	LightGBM	scheme
0.6509722222222223	0.6475000000000002	0.97	0.3333333333333334	Klebsiella pneumoniae	amikacin	PSI	38	A-d	0	64	340	58	4.308972766337762	LightGBM	scheme
0.6934722222222223	0.5741666666666667	0.925	0.1666666666666667	Klebsiella pneumoniae	amikacin	PSI	39	A-d	0	64	340	58	4.308972766337762	LightGBM	scheme
0.488256	0.5	0.0	0.0	Klebsiella pneumoniae	amikacin	PSI	40	A-a	212	81	38	0	2.058891203975465	LightGBM	scheme
0.5301119999999999	0.5	0.0	0.0	Klebsiella pneumoniae	amikacin	PSI	41	A-a	212	82	38	0	2.058891203975465	LightGBM	scheme
0.5789199999999999	0.5	0.0	0.0	Klebsiella pneumoniae	amikacin	PSI	42	A-a	212	82	38	0	2.058891203975465	LightGBM	scheme
0.4311024305555556	0.5	0.0	0.0	Klebsiella pneumoniae	amikacin	PSI	43	A-a	212	82	39	0	2.058891203975465	LightGBM	scheme
0.4979340277777778	0.5	0.0	0.0	Klebsiella pneumoniae	amikacin	PSI	44	A-a	212	82	39	0	2.058891203975465	LightGBM	scheme
0.6230815972222221	0.5	0.0	0.0	Klebsiella pneumoniae	amikacin	PSI	45	A-a	212	82	39	0	2.058891203975465	LightGBM	scheme
0.5542968749999999	0.5	0.0	0.0	Klebsiella pneumoniae	amikacin	PSI	46	A-a	213	82	39	0	2.058891203975465	LightGBM	scheme
0.5581510416666667	0.5	0.0	0.0	Klebsiella pneumoniae	amikacin	PSI	47	A-a	213	82	39	0	2.058891203975465	LightGBM	scheme
0.4835850694444443	0.5	0.0	0.0	Klebsiella pneumoniae	amikacin	PSI	48	A-a	213	82	39	0	2.058891203975465	LightGBM	scheme
0.5595833333333333	0.5	0.0	0.0	Klebsiella pneumoniae	amikacin	PSI	49	A-a	213	82	39	0	2.058891203975465	LightGBM	scheme
0.6293464052287582	0.531470588235294	0.5168546066851583	1.0	Klebsiella pneumoniae	amikacin	PSI	50	A-b	212	81	0	275	2.058891203975465	LightGBM	scheme
0.5972798923490966	0.5385294117647058	0.5201766010747929	1.0	Klebsiella pneumoniae	amikacin	PSI	51	A-b	212	82	0	275	2.058891203975465	LightGBM	scheme
0.6024298346789698	0.5399999999999999	0.5207709912081047	1.0	Klebsiella pneumoniae	amikacin	PSI	52	A-b	212	82	0	275	2.058891203975465	LightGBM	scheme
0.6212975778546712	0.5391176470588235	0.5202935900133249	1.0	Klebsiella pneumoniae	amikacin	PSI	53	A-b	212	82	0	275	2.058891203975465	LightGBM	scheme
0.6595194156093811	0.5401960784313724	0.5211969435698042	1.0	Klebsiella pneumoniae	amikacin	PSI	54	A-b	212	82	0	275	2.058891203975465	LightGBM	scheme
0.567520184544406	0.5407843137254901	0.5206015320467456	1.0	Klebsiella pneumoniae	amikacin	PSI	55	A-b	212	82	0	275	2.058891203975465	LightGBM	scheme
0.618954	0.5398999999999999	0.521520480139967	1.0	Klebsiella pneumoniae	amikacin	PSI	56	A-b	213	82	0	276	2.058891203975465	LightGBM	scheme
0.6499679999999999	0.5397	0.5207540666836458	1.0	Klebsiella pneumoniae	amikacin	PSI	57	A-b	213	82	0	276	2.058891203975465	LightGBM	scheme
0.6062040000000001	0.5394	0.5205549440751653	1.0	Klebsiella pneumoniae	amikacin	PSI	58	A-b	213	82	0	276	2.058891203975465	LightGBM	scheme
0.62321	0.5401999999999999	0.5213101905167927	1.0	Klebsiella pneumoniae	amikacin	PSI	59	A-b	213	82	0	276	2.058891203975465	LightGBM	scheme
0.851938775510204	0.8400000000000004	0.7711111111111109	0.9728571428571432	Klebsiella pneumoniae	amikacin	PSI	60	A-c	194	0	56	293	2.058891203975465	LightGBM	scheme
0.9722448979591838	0.7750000000000002	0.6930000000000001	0.9728571428571428	Klebsiella pneumoniae	amikacin	PSI	61	A-c	194	0	56	293	2.058891203975465	LightGBM	scheme
0.9657142857142856	0.785714285714286	0.7000000000000002	1.0	Klebsiella pneumoniae	amikacin	PSI	62	A-c	194	0	56	293	2.058891203975465	LightGBM	scheme
0.8747222222222223	0.75	0.6666666666666669	1.0	Klebsiella pneumoniae	amikacin	PSI	63	A-c	194	0	57	293	2.058891203975465	LightGBM	scheme
0.8094444444444444	0.6666666666666669	0.6	1.0	Klebsiella pneumoniae	amikacin	PSI	64	A-c	194	0	57	293	2.058891203975465	LightGBM	scheme
0.8819444444444445	0.5833333333333334	0.5454545454545453	1.0	Klebsiella pneumoniae	amikacin	PSI	65	A-c	194	0	57	293	2.058891203975465	LightGBM	scheme
0.8770833333333334	0.7191666666666667	0.650357142857143	0.94	Klebsiella pneumoniae	amikacin	PSI	66	A-c	195	0	57	294	2.058891203975465	LightGBM	scheme
0.87	0.75	0.6666666666666669	1.0	Klebsiella pneumoniae	amikacin	PSI	67	A-c	195	0	57	294	2.058891203975465	LightGBM	scheme
0.7497222222222223	0.6308333333333334	0.5836666666666666	0.9149999999999998	Klebsiella pneumoniae	amikacin	PSI	68	A-c	195	0	57	294	2.058891203975465	LightGBM	scheme
0.698611111111111	0.6458333333333335	0.5906666666666666	0.975	Klebsiella pneumoniae	amikacin	PSI	69	A-c	195	0	57	294	2.058891203975465	LightGBM	scheme
0.920612244897959	0.6428571428571428	0.5833333333333334	1.0	Klebsiella pneumoniae	amikacin	PSI	70	A-d	0	63	56	293	2.058891203975465	LightGBM	scheme
0.8438775510204083	0.6428571428571428	0.5833333333333334	1.0	Klebsiella pneumoniae	amikacin	PSI	71	A-d	0	64	56	293	2.058891203975465	LightGBM	scheme
0.9216326530612244	0.6428571428571428	0.5833333333333334	1.0	Klebsiella pneumoniae	amikacin	PSI	72	A-d	0	64	56	293	2.058891203975465	LightGBM	scheme
0.9290277777777776	0.5833333333333334	0.5454545454545453	1.0	Klebsiella pneumoniae	amikacin	PSI	73	A-d	0	64	57	293	2.058891203975465	LightGBM	scheme
0.9400000000000002	0.5	0.5	1.0	Klebsiella pneumoniae	amikacin	PSI	74	A-d	0	64	57	293	2.058891203975465	LightGBM	scheme
0.861111111111111	0.5833333333333334	0.5454545454545453	1.0	Klebsiella pneumoniae	amikacin	PSI	75	A-d	0	64	57	293	2.058891203975465	LightGBM	scheme
0.8743055555555557	0.5	0.5	1.0	Klebsiella pneumoniae	amikacin	PSI	76	A-d	0	64	57	294	2.058891203975465	LightGBM	scheme
0.8458333333333333	0.6666666666666669	0.6	1.0	Klebsiella pneumoniae	amikacin	PSI	77	A-d	0	64	57	294	2.058891203975465	LightGBM	scheme
0.7344444444444446	0.5	0.5	1.0	Klebsiella pneumoniae	amikacin	PSI	78	A-d	0	64	57	294	2.058891203975465	LightGBM	scheme
0.7891666666666667	0.5	0.5	1.0	Klebsiella pneumoniae	amikacin	PSI	79	A-d	0	64	57	294	2.058891203975465	LightGBM	scheme
0.8932000000000001	0.496	0.0	0.0	Klebsiella pneumoniae	amikacin	PSI	0	A-a	212	81	321	0	4.308972766337762	LightGBM	random
0.9576543209876544	0.5555555555555555	1.0	0.1111111111111111	Klebsiella pneumoniae	amikacin	PSI	1	A-a	212	82	321	0	4.308972766337762	LightGBM	random
0.8906172839506172	0.6066666666666667	0.9566666666666666	0.2222222222222222	Klebsiella pneumoniae	amikacin	PSI	2	A-a	212	82	321	0	4.308972766337762	LightGBM	random
0.9112345679012346	0.5	0.0	0.0	Klebsiella pneumoniae	amikacin	PSI	3	A-a	212	82	321	0	4.308972766337762	LightGBM	random
0.8929629629629631	0.5	0.0	0.0	Klebsiella pneumoniae	amikacin	PSI	4	A-a	212	82	321	0	4.308972766337762	LightGBM	random
0.924938271604938	0.5555555555555555	1.0	0.1111111111111111	Klebsiella pneumoniae	amikacin	PSI	5	A-a	212	82	321	0	4.308972766337762	LightGBM	random
0.912283950617284	0.5	0.0	0.0	Klebsiella pneumoniae	amikacin	PSI	6	A-a	213	82	321	0	4.308972766337762	LightGBM	random
0.8761111111111113	0.5555555555555555	1.0	0.1111111111111111	Klebsiella pneumoniae	amikacin	PSI	7	A-a	213	82	322	0	4.308972766337762	LightGBM	random
0.9009876543209876	0.6111111111111112	1.0	0.2222222222222222	Klebsiella pneumoniae	amikacin	PSI	8	A-a	213	82	322	0	4.308972766337762	LightGBM	random
0.924567901234568	0.6666666666666669	1.0	0.3333333333333334	Klebsiella pneumoniae	amikacin	PSI	9	A-a	213	82	322	0	4.308972766337762	LightGBM	random
0.8511111111111112	0.7937499999999998	0.8865320609902654	0.6658333333333334	Klebsiella pneumoniae	amikacin	PSI	10	A-b	212	81	0	39	4.308972766337762	LightGBM	random
0.9175868055555556	0.8154166666666666	0.8577066926208801	0.77125	Klebsiella pneumoniae	amikacin	PSI	11	A-b	212	82	0	39	4.308972766337762	LightGBM	random
0.87921875	0.885	1.0	0.7625	Klebsiella pneumoniae	amikacin	PSI	12	A-b	212	82	0	39	4.308972766337762	LightGBM	random
0.8920572916666668	0.8445833333333332	0.9014243414861264	0.77	Klebsiella pneumoniae	amikacin	PSI	13	A-b	212	82	0	39	4.308972766337762	LightGBM	random
0.89015625	0.865	1.0	0.7233333333333333	Klebsiella pneumoniae	amikacin	PSI	14	A-b	212	82	0	40	4.308972766337762	LightGBM	random
0.8871701388888888	0.805625	0.8919553373183404	0.6991666666666668	Klebsiella pneumoniae	amikacin	PSI	15	A-b	212	82	0	40	4.308972766337762	LightGBM	random
0.8500472589792061	0.838478260869565	1.0	0.6773913043478261	Klebsiella pneumoniae	amikacin	PSI	16	A-b	213	82	0	40	4.308972766337762	LightGBM	random
0.8913988657844989	0.8378260869565217	1.0	0.6695652173913045	Klebsiella pneumoniae	amikacin	PSI	17	A-b	213	82	0	40	4.308972766337762	LightGBM	random
0.9641682419659736	0.8426086956521738	0.9435684001670844	0.7230434782608696	Klebsiella pneumoniae	amikacin	PSI	18	A-b	213	82	0	40	4.308972766337762	LightGBM	random
0.8885822306238186	0.8806521739130433	1.0	0.7669565217391303	Klebsiella pneumoniae	amikacin	PSI	19	A-b	213	82	0	40	4.308972766337762	LightGBM	random
0.700204081632653	0.5	0.0	0.0	Klebsiella pneumoniae	amikacin	PSI	20	A-c	194	0	339	57	4.308972766337762	LightGBM	random
0.8210204081632654	0.5	0.0	0.0	Klebsiella pneumoniae	amikacin	PSI	21	A-c	194	0	339	57	4.308972766337762	LightGBM	random
0.9082653061224488	0.5	0.0	0.0	Klebsiella pneumoniae	amikacin	PSI	22	A-c	194	0	339	57	4.308972766337762	LightGBM	random
0.8302040816326531	0.5	0.0	0.0	Klebsiella pneumoniae	amikacin	PSI	23	A-c	194	0	339	57	4.308972766337762	LightGBM	random
0.7238888888888888	0.5	0.0	0.0	Klebsiella pneumoniae	amikacin	PSI	24	A-c	194	0	339	58	4.308972766337762	LightGBM	random
0.6829166666666667	0.5	0.0	0.0	Klebsiella pneumoniae	amikacin	PSI	25	A-c	194	0	339	58	4.308972766337762	LightGBM	random
0.8155555555555556	0.5	0.0	0.0	Klebsiella pneumoniae	amikacin	PSI	26	A-c	195	0	339	58	4.308972766337762	LightGBM	random
0.8087500000000002	0.5	0.0	0.0	Klebsiella pneumoniae	amikacin	PSI	27	A-c	195	0	340	58	4.308972766337762	LightGBM	random
0.8026388888888887	0.5	0.0	0.0	Klebsiella pneumoniae	amikacin	PSI	28	A-c	195	0	340	58	4.308972766337762	LightGBM	random
0.783611111111111	0.5	0.0	0.0	Klebsiella pneumoniae	amikacin	PSI	29	A-c	195	0	340	58	4.308972766337762	LightGBM	random
0.9923591836734694	0.885714285714286	1.0	0.7714285714285716	Klebsiella pneumoniae	amikacin	PSI	30	A-d	0	63	339	57	4.308972766337762	LightGBM	random
0.9672361591695504	0.8536764705882358	0.9657692307692308	0.7352941176470589	Klebsiella pneumoniae	amikacin	PSI	31	A-d	0	64	339	57	4.308972766337762	LightGBM	random
0.9401081314878892	0.8839705882352941	0.9671428571428566	0.7941176470588236	Klebsiella pneumoniae	amikacin	PSI	32	A-d	0	64	339	57	4.308972766337762	LightGBM	random
0.8931747404844289	0.8970588235294111	1.0	0.7941176470588236	Klebsiella pneumoniae	amikacin	PSI	33	A-d	0	64	339	57	4.308972766337762	LightGBM	random
0.9351239669421488	0.8636363636363633	1.0	0.7272727272727276	Klebsiella pneumoniae	amikacin	PSI	34	A-d	0	64	339	58	4.308972766337762	LightGBM	random
0.9322773186409548	0.8854545454545453	0.9142120875046348	0.8484848484848482	Klebsiella pneumoniae	amikacin	PSI	35	A-d	0	64	339	58	4.308972766337762	LightGBM	random
0.956202938475666	0.8812121212121211	0.9666666666666668	0.7878787878787876	Klebsiella pneumoniae	amikacin	PSI	36	A-d	0	64	339	58	4.308972766337762	LightGBM	random
0.925137741046832	0.8939393939393939	1.0	0.7878787878787876	Klebsiella pneumoniae	amikacin	PSI	37	A-d	0	64	340	58	4.308972766337762	LightGBM	random
0.928682277318641	0.91	0.9689655172413796	0.8484848484848482	Klebsiella pneumoniae	amikacin	PSI	38	A-d	0	64	340	58	4.308972766337762	LightGBM	random
0.9390082644628098	0.8803030303030301	0.968148148148148	0.7878787878787876	Klebsiella pneumoniae	amikacin	PSI	39	A-d	0	64	340	58	4.308972766337762	LightGBM	random
0.6813000000000002	0.5	0.0	0.0	Klebsiella pneumoniae	amikacin	PSI	40	A-a	212	81	38	0	2.058891203975465	LightGBM	random
0.8453703703703703	0.5555555555555555	1.0	0.1111111111111111	Klebsiella pneumoniae	amikacin	PSI	41	A-a	212	82	38	0	2.058891203975465	LightGBM	random
0.5395679012345679	0.6111111111111112	1.0	0.2222222222222222	Klebsiella pneumoniae	amikacin	PSI	42	A-a	212	82	38	0	2.058891203975465	LightGBM	random
0.6505555555555557	0.5	0.0	0.0	Klebsiella pneumoniae	amikacin	PSI	43	A-a	212	82	39	0	2.058891203975465	LightGBM	random
0.7046913580246913	0.5	0.0	0.0	Klebsiella pneumoniae	amikacin	PSI	44	A-a	212	82	39	0	2.058891203975465	LightGBM	random
0.7542592592592594	0.5	0.0	0.0	Klebsiella pneumoniae	amikacin	PSI	45	A-a	212	82	39	0	2.058891203975465	LightGBM	random
0.7601851851851853	0.5	0.0	0.0	Klebsiella pneumoniae	amikacin	PSI	46	A-a	213	82	39	0	2.058891203975465	LightGBM	random
0.6650617283950616	0.5	0.0	0.0	Klebsiella pneumoniae	amikacin	PSI	47	A-a	213	82	39	0	2.058891203975465	LightGBM	random
0.8248765432098766	0.5	0.0	0.0	Klebsiella pneumoniae	amikacin	PSI	48	A-a	213	82	39	0	2.058891203975465	LightGBM	random
0.8071604938271604	0.5	0.0	0.0	Klebsiella pneumoniae	amikacin	PSI	49	A-a	213	82	39	0	2.058891203975465	LightGBM	random
0.949652777777778	0.9152083333333334	0.9539335598548416	0.8637499999999999	Klebsiella pneumoniae	amikacin	PSI	50	A-b	212	81	0	275	2.058891203975465	LightGBM	random
0.97890625	0.9210416666666668	0.884697435897436	0.9666666666666668	Klebsiella pneumoniae	amikacin	PSI	51	A-b	212	82	0	275	2.058891203975465	LightGBM	random
0.966796875	0.9564583333333334	1.0	0.9208333333333332	Klebsiella pneumoniae	amikacin	PSI	52	A-b	212	82	0	275	2.058891203975465	LightGBM	random
0.9593402777777778	0.8939583333333332	0.8791785074828553	0.9145833333333334	Klebsiella pneumoniae	amikacin	PSI	53	A-b	212	82	0	275	2.058891203975465	LightGBM	random
0.9640798611111112	0.96125	1.0	0.9154166666666664	Klebsiella pneumoniae	amikacin	PSI	54	A-b	212	82	0	275	2.058891203975465	LightGBM	random
0.9663802083333332	0.9520833333333334	0.9579884716732544	0.9491666666666666	Klebsiella pneumoniae	amikacin	PSI	55	A-b	212	82	0	275	2.058891203975465	LightGBM	random
0.9374763705103972	0.8889130434782608	0.908304718317533	0.8699999999999999	Klebsiella pneumoniae	amikacin	PSI	56	A-b	213	82	0	276	2.058891203975465	LightGBM	random
0.9406899810964084	0.9493478260869568	1.0	0.898695652173913	Klebsiella pneumoniae	amikacin	PSI	57	A-b	213	82	0	276	2.058891203975465	LightGBM	random
0.9906049149338374	0.9541304347826088	1.0	0.8969565217391303	Klebsiella pneumoniae	amikacin	PSI	58	A-b	213	82	0	276	2.058891203975465	LightGBM	random
0.96586011342155	0.916521739130435	0.912488857519292	0.9147826086956524	Klebsiella pneumoniae	amikacin	PSI	59	A-b	213	82	0	276	2.058891203975465	LightGBM	random
0.9785399449035812	0.9640909090909088	0.9601247771836006	0.9696969696969694	Klebsiella pneumoniae	amikacin	PSI	60	A-c	194	0	56	293	2.058891203975465	LightGBM	random
0.9957208448117538	0.9537878787878789	0.9436872930990576	0.9696969696969694	Klebsiella pneumoniae	amikacin	PSI	61	A-c	194	0	56	293	2.058891203975465	LightGBM	random
0.9957943067033976	0.9707575757575758	0.9433557422969184	1.0	Klebsiella pneumoniae	amikacin	PSI	62	A-c	194	0	56	293	2.058891203975465	LightGBM	random
0.983801652892562	0.9689393939393938	0.9465098039215684	1.0	Klebsiella pneumoniae	amikacin	PSI	63	A-c	194	0	57	293	2.058891203975465	LightGBM	random
0.976299357208448	0.9583333333333336	0.9250369445075328	1.0	Klebsiella pneumoniae	amikacin	PSI	64	A-c	194	0	57	293	2.058891203975465	LightGBM	random
0.9862075298438936	0.9492424242424242	0.9041526112578744	1.0	Klebsiella pneumoniae	amikacin	PSI	65	A-c	194	0	57	293	2.058891203975465	LightGBM	random
0.9831640625	0.93671875	0.9383394428152494	0.9375	Klebsiella pneumoniae	amikacin	PSI	66	A-c	195	0	57	294	2.058891203975465	LightGBM	random
0.9821875	0.96875	0.9399898141074612	1.0	Klebsiella pneumoniae	amikacin	PSI	67	A-c	195	0	57	294	2.058891203975465	LightGBM	random
0.9681640625	0.9271875	0.916333340520959	0.9375	Klebsiella pneumoniae	amikacin	PSI	68	A-c	195	0	57	294	2.058891203975465	LightGBM	random
0.9604833984375	0.9396875	0.9234966577540108	0.96875	Klebsiella pneumoniae	amikacin	PSI	69	A-c	195	0	57	294	2.058891203975465	LightGBM	random
0.9312244897959184	0.6428571428571428	0.5833333333333334	1.0	Klebsiella pneumoniae	amikacin	PSI	70	A-d	0	63	56	293	2.058891203975465	LightGBM	random
0.8875510204081632	0.6428571428571428	0.5833333333333334	1.0	Klebsiella pneumoniae	amikacin	PSI	71	A-d	0	64	56	293	2.058891203975465	LightGBM	random
0.9553061224489796	0.6428571428571428	0.5833333333333334	1.0	Klebsiella pneumoniae	amikacin	PSI	72	A-d	0	64	56	293	2.058891203975465	LightGBM	random
0.9633333333333334	0.5833333333333334	0.5454545454545453	1.0	Klebsiella pneumoniae	amikacin	PSI	73	A-d	0	64	57	293	2.058891203975465	LightGBM	random
0.9761111111111112	0.5	0.5	1.0	Klebsiella pneumoniae	amikacin	PSI	74	A-d	0	64	57	293	2.058891203975465	LightGBM	random
0.9366666666666668	0.5833333333333334	0.5454545454545453	1.0	Klebsiella pneumoniae	amikacin	PSI	75	A-d	0	64	57	293	2.058891203975465	LightGBM	random
0.8895833333333336	0.5	0.5	1.0	Klebsiella pneumoniae	amikacin	PSI	76	A-d	0	64	57	294	2.058891203975465	LightGBM	random
0.8516666666666667	0.6666666666666669	0.6	1.0	Klebsiella pneumoniae	amikacin	PSI	77	A-d	0	64	57	294	2.058891203975465	LightGBM	random
0.7673611111111112	0.5	0.5	1.0	Klebsiella pneumoniae	amikacin	PSI	78	A-d	0	64	57	294	2.058891203975465	LightGBM	random
0.7868055555555555	0.5	0.5	1.0	Klebsiella pneumoniae	amikacin	PSI	79	A-d	0	64	57	294	2.058891203975465	LightGBM	random
0.5718163265306123	0.5055714285714286	0.2	0.008	Klebsiella pneumoniae	gentamicin	PSI	0	A-a	198	97	129	0	4.305830881716726	LightGBM	scheme
0.5995836734693878	0.5025714285714286	0.13	0.0034285714285714	Klebsiella pneumoniae	gentamicin	PSI	1	A-a	199	97	129	0	4.305830881716726	LightGBM	scheme
0.6763714285714285	0.5038571428571428	0.29	0.0071428571428571	Klebsiella pneumoniae	gentamicin	PSI	2	A-a	199	97	129	0	4.305830881716726	LightGBM	scheme
0.5839469387755102	0.4759999999999999	0.0816666666666666	0.0057142857142857	Klebsiella pneumoniae	gentamicin	PSI	3	A-a	199	97	129	0	4.305830881716726	LightGBM	scheme
0.578265570934256	0.5029411764705882	0.17	0.008235294117647	Klebsiella pneumoniae	gentamicin	PSI	4	A-a	199	97	130	0	4.305830881716726	LightGBM	scheme
0.5586678200692041	0.5013235294117647	0.14	0.003235294117647	Klebsiella pneumoniae	gentamicin	PSI	5	A-a	199	97	130	0	4.305830881716726	LightGBM	scheme
0.5828460207612457	0.5075	0.4	0.0152941176470588	Klebsiella pneumoniae	gentamicin	PSI	6	A-a	199	97	130	0	4.305830881716726	LightGBM	scheme
0.5430493079584775	0.5011764705882353	0.08	0.0035294117647058	Klebsiella pneumoniae	gentamicin	PSI	7	A-a	199	97	130	0	4.305830881716726	LightGBM	scheme
0.5442084775086505	0.5026470588235294	0.22	0.0058823529411764	Klebsiella pneumoniae	gentamicin	PSI	8	A-a	199	98	130	0	4.305830881716726	LightGBM	scheme
0.6471842560553632	0.5052941176470589	0.34	0.0120588235294117	Klebsiella pneumoniae	gentamicin	PSI	9	A-a	199	98	130	0	4.305830881716726	LightGBM	scheme
0.5576512287334594	0.5043478260869566	0.5028533482209382	0.9782608695652172	Klebsiella pneumoniae	gentamicin	PSI	10	A-b	198	97	0	231	4.305830881716726	LightGBM	scheme
0.588556238185255	0.5305434782608696	0.516171836010154	1.0	Klebsiella pneumoniae	gentamicin	PSI	11	A-b	199	97	0	231	4.305830881716726	LightGBM	scheme
0.5487051039697541	0.5070652173913044	0.5042276434651731	0.9782608695652172	Klebsiella pneumoniae	gentamicin	PSI	12	A-b	199	97	0	231	4.305830881716726	LightGBM	scheme
0.6276984877126653	0.5064130434782609	0.5035287363740483	0.9782608695652172	Klebsiella pneumoniae	gentamicin	PSI	13	A-b	199	97	0	231	4.305830881716726	LightGBM	scheme
0.5074362003780719	0.5028260869565218	0.5013236551751256	0.956521739130435	Klebsiella pneumoniae	gentamicin	PSI	14	A-b	199	97	0	231	4.305830881716726	LightGBM	scheme
0.626117674858223	0.5130434782608696	0.5095354441752742	0.956521739130435	Klebsiella pneumoniae	gentamicin	PSI	15	A-b	199	97	0	231	4.305830881716726	LightGBM	scheme
0.669196597353497	0.4945652173913044	0.4982578096061242	0.9782608695652172	Klebsiella pneumoniae	gentamicin	PSI	16	A-b	199	97	0	231	4.305830881716726	LightGBM	scheme
0.609441975308642	0.5194444444444445	0.5116886047499455	0.9777777777777776	Klebsiella pneumoniae	gentamicin	PSI	17	A-b	199	97	0	232	4.305830881716726	LightGBM	scheme
0.6593111111111111	0.5075555555555556	0.5030466934257553	0.9777777777777776	Klebsiella pneumoniae	gentamicin	PSI	18	A-b	199	98	0	232	4.305830881716726	LightGBM	scheme
0.5431851851851852	0.5205555555555555	0.5100373502305913	1.0	Klebsiella pneumoniae	gentamicin	PSI	19	A-b	199	98	0	232	4.305830881716726	LightGBM	scheme
0.6581660899653979	0.5047058823529411	0.5072194649997853	0.6041176470588235	Klebsiella pneumoniae	gentamicin	PSI	20	A-c	180	0	147	249	4.305830881716726	LightGBM	scheme
0.7593771626297577	0.6079411764705882	0.5696208587708589	0.8576470588235294	Klebsiella pneumoniae	gentamicin	PSI	21	A-c	181	0	147	249	4.305830881716726	LightGBM	scheme
0.6229757785467127	0.5591176470588235	0.5381150604185087	0.8188235294117647	Klebsiella pneumoniae	gentamicin	PSI	22	A-c	181	0	147	249	4.305830881716726	LightGBM	scheme
0.7045328719723183	0.6967647058823527	0.6460317711274235	0.8588235294117645	Klebsiella pneumoniae	gentamicin	PSI	23	A-c	181	0	147	249	4.305830881716726	LightGBM	scheme
0.73328125	0.7125	0.6512121212121214	0.935625	Klebsiella pneumoniae	gentamicin	PSI	24	A-c	181	0	148	249	4.305830881716726	LightGBM	scheme
0.663984375	0.61625	0.5798438215102975	0.789375	Klebsiella pneumoniae	gentamicin	PSI	25	A-c	181	0	148	249	4.305830881716726	LightGBM	scheme
0.755703125	0.598125	0.5646077545642764	0.82875	Klebsiella pneumoniae	gentamicin	PSI	26	A-c	181	0	148	249	4.305830881716726	LightGBM	scheme
0.66095703125	0.59	0.552075702075702	0.92375	Klebsiella pneumoniae	gentamicin	PSI	27	A-c	181	0	148	250	4.305830881716726	LightGBM	scheme
0.8610546875	0.7065625	0.6596702378475835	0.860625	Klebsiella pneumoniae	gentamicin	PSI	28	A-c	181	0	148	250	4.305830881716726	LightGBM	scheme
0.80615234375	0.6884375	0.6440879851143009	0.81625	Klebsiella pneumoniae	gentamicin	PSI	29	A-c	181	0	148	250	4.305830881716726	LightGBM	scheme
0.7328719723183391	0.7058823529411764	0.6296296296296295	1.0	Klebsiella pneumoniae	gentamicin	PSI	30	A-d	0	79	147	249	4.305830881716726	LightGBM	scheme
0.7259861591695501	0.6123529411764705	0.568702791461412	0.9247058823529412	Klebsiella pneumoniae	gentamicin	PSI	31	A-d	0	79	147	249	4.305830881716726	LightGBM	scheme
0.8202076124567474	0.6373529411764707	0.588641636141636	0.9317647058823528	Klebsiella pneumoniae	gentamicin	PSI	32	A-d	0	79	147	249	4.305830881716726	LightGBM	scheme
0.8136678200692041	0.6791176470588234	0.6266198996655519	0.8970588235294117	Klebsiella pneumoniae	gentamicin	PSI	33	A-d	0	79	147	249	4.305830881716726	LightGBM	scheme
0.69609375	0.6834375	0.6226195652173913	0.925	Klebsiella pneumoniae	gentamicin	PSI	34	A-d	0	79	148	249	4.305830881716726	LightGBM	scheme
0.6547265625	0.543125	0.5231723225688742	0.9	Klebsiella pneumoniae	gentamicin	PSI	35	A-d	0	79	148	249	4.305830881716726	LightGBM	scheme
0.7577734375	0.5725	0.5433494505494506	0.896875	Klebsiella pneumoniae	gentamicin	PSI	36	A-d	0	79	148	249	4.305830881716726	LightGBM	scheme
0.6199609375	0.573125	0.5387531135531135	0.896875	Klebsiella pneumoniae	gentamicin	PSI	37	A-d	0	79	148	250	4.305830881716726	LightGBM	scheme
0.827734375	0.6303125	0.5868545150501672	0.891875	Klebsiella pneumoniae	gentamicin	PSI	38	A-d	0	80	148	250	4.305830881716726	LightGBM	scheme
0.73	0.6075	0.5739212978097418	0.781875	Klebsiella pneumoniae	gentamicin	PSI	39	A-d	0	80	148	250	4.305830881716726	LightGBM	scheme
0.4414739229024942	0.5	0.0	0.0	Klebsiella pneumoniae	gentamicin	PSI	40	A-a	198	97	193	0	2.070134416171851	LightGBM	scheme
0.6114087301587301	0.5	0.0	0.0	Klebsiella pneumoniae	gentamicin	PSI	41	A-a	199	97	193	0	2.070134416171851	LightGBM	scheme
0.5233248299319727	0.5	0.0	0.0	Klebsiella pneumoniae	gentamicin	PSI	42	A-a	199	97	193	0	2.070134416171851	LightGBM	scheme
0.5609353741496599	0.5	0.0	0.0	Klebsiella pneumoniae	gentamicin	PSI	43	A-a	199	97	193	0	2.070134416171851	LightGBM	scheme
0.6166865079365079	0.5	0.0	0.0	Klebsiella pneumoniae	gentamicin	PSI	44	A-a	199	97	193	0	2.070134416171851	LightGBM	scheme
0.6487358715050565	0.5	0.0	0.0	Klebsiella pneumoniae	gentamicin	PSI	45	A-a	199	97	194	0	2.070134416171851	LightGBM	scheme
0.6153420582986318	0.5	0.0	0.0	Klebsiella pneumoniae	gentamicin	PSI	46	A-a	199	97	194	0	2.070134416171851	LightGBM	scheme
0.6011362284354551	0.5	0.0	0.0	Klebsiella pneumoniae	gentamicin	PSI	47	A-a	199	97	194	0	2.070134416171851	LightGBM	scheme
0.5546460440214157	0.5	0.0	0.0	Klebsiella pneumoniae	gentamicin	PSI	48	A-a	199	98	194	0	2.070134416171851	LightGBM	scheme
0.5353212373587151	0.5	0.0	0.0	Klebsiella pneumoniae	gentamicin	PSI	49	A-a	199	98	194	0	2.070134416171851	LightGBM	scheme
0.6380543209876542	0.5106666666666667	0.5056602884716987	1.0	Klebsiella pneumoniae	gentamicin	PSI	50	A-b	198	97	0	220	2.070134416171851	LightGBM	scheme
0.6376123456790124	0.5126666666666666	0.505780352928745	1.0	Klebsiella pneumoniae	gentamicin	PSI	51	A-b	199	97	0	220	2.070134416171851	LightGBM	scheme
0.6496814814814816	0.5101111111111112	0.5051559913352822	1.0	Klebsiella pneumoniae	gentamicin	PSI	52	A-b	199	97	0	220	2.070134416171851	LightGBM	scheme
0.6060814814814816	0.5113333333333334	0.5056171870712386	1.0	Klebsiella pneumoniae	gentamicin	PSI	53	A-b	199	97	0	220	2.070134416171851	LightGBM	scheme
0.666032098765432	0.5094444444444445	0.504862236272058	1.0	Klebsiella pneumoniae	gentamicin	PSI	54	A-b	199	97	0	220	2.070134416171851	LightGBM	scheme
0.7133238636363636	0.510681818181818	0.5056245914564702	1.0	Klebsiella pneumoniae	gentamicin	PSI	55	A-b	199	97	0	221	2.070134416171851	LightGBM	scheme
0.7172365702479339	0.5093181818181818	0.5048077267795651	1.0	Klebsiella pneumoniae	gentamicin	PSI	56	A-b	199	97	0	221	2.070134416171851	LightGBM	scheme
0.5815263429752067	0.5107954545454545	0.5052770907881997	1.0	Klebsiella pneumoniae	gentamicin	PSI	57	A-b	199	97	0	221	2.070134416171851	LightGBM	scheme
0.6638274793388429	0.5100000000000001	0.505385209095667	1.0	Klebsiella pneumoniae	gentamicin	PSI	58	A-b	199	98	0	221	2.070134416171851	LightGBM	scheme
0.6568569214876032	0.5115909090909091	0.5045095837853986	1.0	Klebsiella pneumoniae	gentamicin	PSI	59	A-b	199	98	0	221	2.070134416171851	LightGBM	scheme
0.9313194444444444	0.8991666666666666	0.8522751322751322	0.9641666666666666	Klebsiella pneumoniae	gentamicin	PSI	60	A-c	180	0	211	238	2.070134416171851	LightGBM	scheme
0.920486111111111	0.8572916666666667	0.7944827586206895	0.9616666666666666	Klebsiella pneumoniae	gentamicin	PSI	61	A-c	181	0	211	238	2.070134416171851	LightGBM	scheme
0.9475173611111112	0.8958333333333331	0.8275862068965519	1.0	Klebsiella pneumoniae	gentamicin	PSI	62	A-c	181	0	211	238	2.070134416171851	LightGBM	scheme
0.9560677083333332	0.9181250000000002	0.8849572649572653	0.9629166666666664	Klebsiella pneumoniae	gentamicin	PSI	63	A-c	181	0	211	238	2.070134416171851	LightGBM	scheme
0.909375	0.8770833333333333	0.8219827586206896	0.9608333333333332	Klebsiella pneumoniae	gentamicin	PSI	64	A-c	181	0	211	238	2.070134416171851	LightGBM	scheme
0.9194328922495274	0.8406521739130431	0.8609994353472614	0.8113043478260868	Klebsiella pneumoniae	gentamicin	PSI	65	A-c	181	0	212	239	2.070134416171851	LightGBM	scheme
0.9913799621928164	0.942826086956522	1.0	0.8839130434782609	Klebsiella pneumoniae	gentamicin	PSI	66	A-c	181	0	212	239	2.070134416171851	LightGBM	scheme
0.9366162570888468	0.9130434782608696	0.8518518518518516	1.0	Klebsiella pneumoniae	gentamicin	PSI	67	A-c	181	0	212	239	2.070134416171851	LightGBM	scheme
0.9887429111531192	0.893913043478261	0.8463817663817662	0.9621739130434784	Klebsiella pneumoniae	gentamicin	PSI	68	A-c	181	0	212	239	2.070134416171851	LightGBM	scheme
0.963194706994329	0.921521739130435	1.0	0.8465217391304344	Klebsiella pneumoniae	gentamicin	PSI	69	A-c	181	0	212	239	2.070134416171851	LightGBM	scheme
0.9226041666666668	0.8772916666666666	0.8223522167487683	0.9629166666666664	Klebsiella pneumoniae	gentamicin	PSI	70	A-d	0	79	211	238	2.070134416171851	LightGBM	scheme
0.9147395833333334	0.8556250000000003	0.7937931034482756	0.9625	Klebsiella pneumoniae	gentamicin	PSI	71	A-d	0	79	211	238	2.070134416171851	LightGBM	scheme
0.9242361111111111	0.9166666666666669	0.8571428571428572	1.0	Klebsiella pneumoniae	gentamicin	PSI	72	A-d	0	79	211	238	2.070134416171851	LightGBM	scheme
0.9467447916666666	0.8572916666666669	0.7937241379310342	0.9641666666666666	Klebsiella pneumoniae	gentamicin	PSI	73	A-d	0	79	211	238	2.070134416171851	LightGBM	scheme
0.9569791666666666	0.8970833333333332	0.8524338624338622	0.9620833333333332	Klebsiella pneumoniae	gentamicin	PSI	74	A-d	0	79	211	238	2.070134416171851	LightGBM	scheme
0.8814933837429111	0.8799999999999997	0.9068642951251646	0.8465217391304346	Klebsiella pneumoniae	gentamicin	PSI	75	A-d	0	79	212	239	2.070134416171851	LightGBM	scheme
0.9325897920604916	0.9184782608695652	0.9139855072463768	0.9213043478260868	Klebsiella pneumoniae	gentamicin	PSI	76	A-d	0	79	212	239	2.070134416171851	LightGBM	scheme
0.9141209829867676	0.8969565217391303	0.87595	0.922608695652174	Klebsiella pneumoniae	gentamicin	PSI	77	A-d	0	79	212	239	2.070134416171851	LightGBM	scheme
0.9915500945179582	0.9589130434782612	0.956576086956522	0.9600000000000004	Klebsiella pneumoniae	gentamicin	PSI	78	A-d	0	80	212	239	2.070134416171851	LightGBM	scheme
0.9410396975425332	0.8991304347826088	0.9106587615283266	0.8865217391304347	Klebsiella pneumoniae	gentamicin	PSI	79	A-d	0	80	212	239	2.070134416171851	LightGBM	scheme
0.8719834710743802	0.695909090909091	0.926190476190476	0.4545454545454543	Klebsiella pneumoniae	gentamicin	PSI	0	A-a	198	97	129	0	4.305830881716726	LightGBM	random
0.9819008264462812	0.7727272727272724	1.0	0.5454545454545453	Klebsiella pneumoniae	gentamicin	PSI	1	A-a	199	97	129	0	4.305830881716726	LightGBM	random
0.9323966942148758	0.681818181818182	1.0	0.3636363636363638	Klebsiella pneumoniae	gentamicin	PSI	2	A-a	199	97	129	0	4.305830881716726	LightGBM	random
0.9014876033057851	0.711818181818182	0.8322380952380952	0.5454545454545453	Klebsiella pneumoniae	gentamicin	PSI	3	A-a	199	97	129	0	4.305830881716726	LightGBM	random
0.926404958677686	0.7036363636363638	0.9407142857142856	0.4545454545454543	Klebsiella pneumoniae	gentamicin	PSI	4	A-a	199	97	130	0	4.305830881716726	LightGBM	random
0.966611570247934	0.7631818181818179	0.9728571428571428	0.5454545454545453	Klebsiella pneumoniae	gentamicin	PSI	5	A-a	199	97	130	0	4.305830881716726	LightGBM	random
0.976900826446281	0.8590909090909088	0.9777777777777776	0.7272727272727276	Klebsiella pneumoniae	gentamicin	PSI	6	A-a	199	97	130	0	4.305830881716726	LightGBM	random
0.9391322314049586	0.7163636363636369	0.9683333333333332	0.4545454545454543	Klebsiella pneumoniae	gentamicin	PSI	7	A-a	199	97	130	0	4.305830881716726	LightGBM	random
0.9645	0.5904999999999999	0.92	0.1999999999999999	Klebsiella pneumoniae	gentamicin	PSI	8	A-a	199	98	130	0	4.305830881716726	LightGBM	random
0.8518500000000002	0.584	0.7729999999999998	0.3	Klebsiella pneumoniae	gentamicin	PSI	9	A-a	199	98	130	0	4.305830881716726	LightGBM	random
0.9520793950850662	0.8973913043478261	0.910229506572756	0.8782608695652172	Klebsiella pneumoniae	gentamicin	PSI	10	A-b	198	97	0	231	4.305830881716726	LightGBM	random
0.9801239669421488	0.9106818181818184	0.908917724152278	0.9149999999999998	Klebsiella pneumoniae	gentamicin	PSI	11	A-b	199	97	0	231	4.305830881716726	LightGBM	random
0.9704648760330576	0.8620454545454546	0.8613233226346497	0.8490909090909089	Klebsiella pneumoniae	gentamicin	PSI	12	A-b	199	97	0	231	4.305830881716726	LightGBM	random
0.944948347107438	0.7877272727272726	0.7379406719717064	0.897272727272727	Klebsiella pneumoniae	gentamicin	PSI	13	A-b	199	97	0	231	4.305830881716726	LightGBM	random
0.9364566115702476	0.84	0.8267264648395082	0.8672727272727271	Klebsiella pneumoniae	gentamicin	PSI	14	A-b	199	97	0	231	4.305830881716726	LightGBM	random
0.9815495867768596	0.9540909090909092	1.0	0.9236363636363636	Klebsiella pneumoniae	gentamicin	PSI	15	A-b	199	97	0	231	4.305830881716726	LightGBM	random
0.9737809917355372	0.885909090909091	0.8698421795595708	0.9168181818181816	Klebsiella pneumoniae	gentamicin	PSI	16	A-b	199	97	0	231	4.305830881716726	LightGBM	random
0.9543595041322313	0.8800000000000001	0.8659079333709766	0.8918181818181816	Klebsiella pneumoniae	gentamicin	PSI	17	A-b	199	97	0	232	4.305830881716726	LightGBM	random
0.9723760330578513	0.9415909090909091	0.9531353631113358	0.9295454545454545	Klebsiella pneumoniae	gentamicin	PSI	18	A-b	199	98	0	232	4.305830881716726	LightGBM	random
0.9103719008264464	0.8099999999999998	0.7646019005149443	0.8813636363636361	Klebsiella pneumoniae	gentamicin	PSI	19	A-b	199	98	0	232	4.305830881716726	LightGBM	random
0.9035204081632652	0.7169642857142855	0.7858558335892432	0.6071428571428569	Klebsiella pneumoniae	gentamicin	PSI	20	A-c	180	0	147	249	4.305830881716726	LightGBM	random
0.9250892857142858	0.8323214285714284	0.8131142823311899	0.8571428571428572	Klebsiella pneumoniae	gentamicin	PSI	21	A-c	181	0	147	249	4.305830881716726	LightGBM	random
0.8858290816326532	0.8010714285714283	0.7956470655508336	0.8214285714285713	Klebsiella pneumoniae	gentamicin	PSI	22	A-c	181	0	147	249	4.305830881716726	LightGBM	random
0.9096045918367346	0.8569642857142854	0.8594904315064494	0.8571428571428572	Klebsiella pneumoniae	gentamicin	PSI	23	A-c	181	0	147	249	4.305830881716726	LightGBM	random
0.9269770408163264	0.8928571428571429	0.876148381224716	0.9285714285714288	Klebsiella pneumoniae	gentamicin	PSI	24	A-c	181	0	148	249	4.305830881716726	LightGBM	random
0.8814923469387754	0.8083928571428572	0.8351549207691634	0.785714285714286	Klebsiella pneumoniae	gentamicin	PSI	25	A-c	181	0	148	249	4.305830881716726	LightGBM	random
0.9252423469387756	0.8242857142857142	0.8222948900227404	0.8214285714285713	Klebsiella pneumoniae	gentamicin	PSI	26	A-c	181	0	148	249	4.305830881716726	LightGBM	random
0.910246913580247	0.8533333333333332	0.8140613939239247	0.9259259259259256	Klebsiella pneumoniae	gentamicin	PSI	27	A-c	181	0	148	250	4.305830881716726	LightGBM	random
0.9588888888888888	0.8637037037037035	0.8752675824175822	0.8518518518518516	Klebsiella pneumoniae	gentamicin	PSI	28	A-c	181	0	148	250	4.305830881716726	LightGBM	random
0.9360013717421124	0.8453703703703702	0.8688716079689094	0.8148148148148145	Klebsiella pneumoniae	gentamicin	PSI	29	A-c	181	0	148	250	4.305830881716726	LightGBM	random
0.850415224913495	0.7058823529411764	0.6296296296296295	1.0	Klebsiella pneumoniae	gentamicin	PSI	30	A-d	0	79	147	249	4.305830881716726	LightGBM	random
0.8247404844290659	0.6300000000000001	0.57663929939792	0.9694117647058824	Klebsiella pneumoniae	gentamicin	PSI	31	A-d	0	79	147	249	4.305830881716726	LightGBM	random
0.906470588235294	0.6588235294117648	0.5968457468457466	0.9623529411764709	Klebsiella pneumoniae	gentamicin	PSI	32	A-d	0	79	147	249	4.305830881716726	LightGBM	random
0.9086505190311418	0.7067647058823529	0.6410439799331104	0.9447058823529412	Klebsiella pneumoniae	gentamicin	PSI	33	A-d	0	79	147	249	4.305830881716726	LightGBM	random
0.805078125	0.703125	0.6315478260869566	0.965	Klebsiella pneumoniae	gentamicin	PSI	34	A-d	0	79	148	249	4.305830881716726	LightGBM	random
0.8276953125	0.5690625	0.5386631089217295	0.945	Klebsiella pneumoniae	gentamicin	PSI	35	A-d	0	79	148	249	4.305830881716726	LightGBM	random
0.873828125	0.596875	0.5586324786324784	0.95125	Klebsiella pneumoniae	gentamicin	PSI	36	A-d	0	79	148	249	4.305830881716726	LightGBM	random
0.77828125	0.6	0.554817094017094	0.945	Klebsiella pneumoniae	gentamicin	PSI	37	A-d	0	79	148	250	4.305830881716726	LightGBM	random
0.91765625	0.6634375	0.6015752508361204	0.946875	Klebsiella pneumoniae	gentamicin	PSI	38	A-d	0	80	148	250	4.305830881716726	LightGBM	random
0.87009765625	0.6621875	0.6130153303218521	0.9025	Klebsiella pneumoniae	gentamicin	PSI	39	A-d	0	80	148	250	4.305830881716726	LightGBM	random
0.9130578512396694	0.7168181818181821	0.9492857142857144	0.4545454545454543	Klebsiella pneumoniae	gentamicin	PSI	40	A-a	198	97	193	0	2.070134416171851	LightGBM	random
0.9624793388429754	0.7654545454545453	0.9742857142857144	0.5454545454545453	Klebsiella pneumoniae	gentamicin	PSI	41	A-a	199	97	193	0	2.070134416171851	LightGBM	random
0.9219834710743804	0.681818181818182	1.0	0.3636363636363638	Klebsiella pneumoniae	gentamicin	PSI	42	A-a	199	97	193	0	2.070134416171851	LightGBM	random
0.9356198347107436	0.8199999999999998	0.9054343434343436	0.7272727272727276	Klebsiella pneumoniae	gentamicin	PSI	43	A-a	199	97	193	0	2.070134416171851	LightGBM	random
0.9579338842975208	0.8104545454545452	0.98	0.6363636363636364	Klebsiella pneumoniae	gentamicin	PSI	44	A-a	199	97	193	0	2.070134416171851	LightGBM	random
0.9743801652892564	0.818181818181818	1.0	0.6363636363636364	Klebsiella pneumoniae	gentamicin	PSI	45	A-a	199	97	194	0	2.070134416171851	LightGBM	random
0.961404958677686	0.8636363636363633	1.0	0.7272727272727276	Klebsiella pneumoniae	gentamicin	PSI	46	A-a	199	97	194	0	2.070134416171851	LightGBM	random
0.9282644628099176	0.7131818181818186	0.9385714285714286	0.4545454545454543	Klebsiella pneumoniae	gentamicin	PSI	47	A-a	199	97	194	0	2.070134416171851	LightGBM	random
0.9545	0.6415000000000001	0.96	0.3	Klebsiella pneumoniae	gentamicin	PSI	48	A-a	199	98	194	0	2.070134416171851	LightGBM	random
0.8864000000000002	0.6175	0.8875	0.3	Klebsiella pneumoniae	gentamicin	PSI	49	A-a	199	98	194	0	2.070134416171851	LightGBM	random
0.960453686200378	0.9245652173913044	0.9533512808701596	0.896086956521739	Klebsiella pneumoniae	gentamicin	PSI	50	A-b	198	97	0	220	2.070134416171851	LightGBM	random
0.9880165289256198	0.9497727272727274	0.9541885940146811	0.9513636363636364	Klebsiella pneumoniae	gentamicin	PSI	51	A-b	199	97	0	220	2.070134416171851	LightGBM	random
0.9652479338842976	0.8981818181818183	0.9076608764995492	0.8913636363636362	Klebsiella pneumoniae	gentamicin	PSI	52	A-b	199	97	0	220	2.070134416171851	LightGBM	random
0.9497623966942148	0.8447727272727275	0.8274394040741868	0.8786363636363634	Klebsiella pneumoniae	gentamicin	PSI	53	A-b	199	97	0	220	2.070134416171851	LightGBM	random
0.9619421487603308	0.8779545454545453	0.8673983342744209	0.9027272727272728	Klebsiella pneumoniae	gentamicin	PSI	54	A-b	199	97	0	220	2.070134416171851	LightGBM	random
0.9677272727272728	0.908181818181818	0.9090223037831732	0.9109090909090908	Klebsiella pneumoniae	gentamicin	PSI	55	A-b	199	97	0	221	2.070134416171851	LightGBM	random
0.9839462809917352	0.9529545454545456	1.0	0.9040909090909092	Klebsiella pneumoniae	gentamicin	PSI	56	A-b	199	97	0	221	2.070134416171851	LightGBM	random
0.9612809917355372	0.8854545454545453	0.9057450989132912	0.8827272727272725	Klebsiella pneumoniae	gentamicin	PSI	57	A-b	199	97	0	221	2.070134416171851	LightGBM	random
0.9611363636363638	0.8974999999999999	0.9074826905868092	0.883181818181818	Klebsiella pneumoniae	gentamicin	PSI	58	A-b	199	98	0	221	2.070134416171851	LightGBM	random
0.9292561983471076	0.8070454545454545	0.7643017518713173	0.8872727272727272	Klebsiella pneumoniae	gentamicin	PSI	59	A-b	199	98	0	221	2.070134416171851	LightGBM	random
0.975445816186557	0.950185185185185	0.9401809888706444	0.962962962962963	Klebsiella pneumoniae	gentamicin	PSI	60	A-c	180	0	211	238	2.070134416171851	LightGBM	random
0.9716872427983538	0.9329629629629628	0.9183402303264652	0.962962962962963	Klebsiella pneumoniae	gentamicin	PSI	61	A-c	181	0	211	238	2.070134416171851	LightGBM	random
0.9820850480109736	0.9596296296296296	0.9215339861751152	1.0	Klebsiella pneumoniae	gentamicin	PSI	62	A-c	181	0	211	238	2.070134416171851	LightGBM	random
0.9831824417009604	0.9596296296296296	0.9559414340448824	0.962962962962963	Klebsiella pneumoniae	gentamicin	PSI	63	A-c	181	0	211	238	2.070134416171851	LightGBM	random
0.9671742112482852	0.9414814814814814	0.9244488879472196	0.962962962962963	Klebsiella pneumoniae	gentamicin	PSI	64	A-c	181	0	211	238	2.070134416171851	LightGBM	random
0.9675221893491124	0.8794230769230771	0.9445750988142292	0.8076923076923077	Klebsiella pneumoniae	gentamicin	PSI	65	A-c	181	0	212	239	2.070134416171851	LightGBM	random
0.9968047337278104	0.9423076923076924	1.0	0.8846153846153849	Klebsiella pneumoniae	gentamicin	PSI	66	A-c	181	0	212	239	2.070134416171851	LightGBM	random
0.9760650887573964	0.9678846153846156	0.943072796934866	1.0	Klebsiella pneumoniae	gentamicin	PSI	67	A-c	181	0	212	239	2.070134416171851	LightGBM	random
0.996050295857988	0.9511538461538462	0.9406058341403172	0.9615384615384618	Klebsiella pneumoniae	gentamicin	PSI	68	A-c	181	0	212	239	2.070134416171851	LightGBM	random
0.98698224852071	0.923076923076923	1.0	0.8461538461538458	Klebsiella pneumoniae	gentamicin	PSI	69	A-c	181	0	212	239	2.070134416171851	LightGBM	random
0.9616927083333332	0.8860416666666664	0.8249384236453201	0.98375	Klebsiella pneumoniae	gentamicin	PSI	70	A-d	0	79	211	238	2.070134416171851	LightGBM	random
0.96	0.8679166666666669	0.7971724137931032	0.985	Klebsiella pneumoniae	gentamicin	PSI	71	A-d	0	79	211	238	2.070134416171851	LightGBM	random
0.937378472222222	0.9166666666666669	0.8571428571428572	1.0	Klebsiella pneumoniae	gentamicin	PSI	72	A-d	0	79	211	238	2.070134416171851	LightGBM	random
0.9746354166666664	0.8645833333333335	0.7966896551724136	0.9820833333333332	Klebsiella pneumoniae	gentamicin	PSI	73	A-d	0	79	211	238	2.070134416171851	LightGBM	random
0.9780902777777776	0.9070833333333332	0.8551322751322752	0.9854166666666668	Klebsiella pneumoniae	gentamicin	PSI	74	A-d	0	79	211	238	2.070134416171851	LightGBM	random
0.944499054820416	0.9180434782608696	0.9138688499905891	0.9286956521739128	Klebsiella pneumoniae	gentamicin	PSI	75	A-d	0	79	212	239	2.070134416171851	LightGBM	random
0.968733459357278	0.9421739130434784	0.917523188405797	0.9613043478260872	Klebsiella pneumoniae	gentamicin	PSI	76	A-d	0	79	212	239	2.070134416171851	LightGBM	random
0.9429489603024576	0.917826086956522	0.8808307692307693	0.9634782608695652	Klebsiella pneumoniae	gentamicin	PSI	77	A-d	0	79	212	239	2.070134416171851	LightGBM	random
0.9959924385633268	0.97	0.957644927536232	0.9808695652173912	Klebsiella pneumoniae	gentamicin	PSI	78	A-d	0	80	212	239	2.070134416171851	LightGBM	random
0.9732136105860112	0.9271739130434784	0.9159005270092228	0.9456521739130436	Klebsiella pneumoniae	gentamicin	PSI	79	A-d	0	80	212	239	2.070134416171851	LightGBM	random
0.8424350302598792	0.8687735849056604	0.9757178988017337	0.7620754716981131	Klebsiella pneumoniae	imipenem	PSI	0	A-a	246	78	291	0	4.316472472714889	LightGBM	scheme
0.8629067283730866	0.5245283018867926	0.98	0.05	Klebsiella pneumoniae	imipenem	PSI	1	A-a	246	78	291	0	4.316472472714889	LightGBM	scheme
0.8745016019935921	0.863301886792453	1.0	0.7222641509433961	Klebsiella pneumoniae	imipenem	PSI	2	A-a	246	78	291	0	4.316472472714889	LightGBM	scheme
0.8778675685297259	0.526132075471698	0.99	0.0516981132075471	Klebsiella pneumoniae	imipenem	PSI	3	A-a	246	78	291	0	4.316472472714889	LightGBM	scheme
0.8597744082840236	0.8638461538461537	0.9746907275179718	0.7446153846153847	Klebsiella pneumoniae	imipenem	PSI	4	A-a	247	78	292	0	4.316472472714889	LightGBM	scheme
0.8807100591715978	0.5262500000000001	0.99	0.0513461538461538	Klebsiella pneumoniae	imipenem	PSI	5	A-a	247	78	292	0	4.316472472714889	LightGBM	scheme
0.8830196005917159	0.8575	0.9744297300175458	0.7398076923076924	Klebsiella pneumoniae	imipenem	PSI	6	A-a	247	78	292	0	4.316472472714889	LightGBM	scheme
0.8796190828402365	0.8555769230769229	0.9744381776199268	0.7309615384615386	Klebsiella pneumoniae	imipenem	PSI	7	A-a	247	79	292	0	4.316472472714889	LightGBM	scheme
0.8723613165680472	0.5925961538461538	1.0	0.1782692307692307	Klebsiella pneumoniae	imipenem	PSI	8	A-a	247	79	292	0	4.316472472714889	LightGBM	scheme
0.8764497041420118	0.8781730769230769	1.0	0.7521153846153845	Klebsiella pneumoniae	imipenem	PSI	9	A-a	247	79	292	0	4.316472472714889	LightGBM	scheme
0.9279783163265308	0.760357142857143	0.6995526105882233	0.9285714285714288	Klebsiella pneumoniae	imipenem	PSI	10	A-b	246	78	0	66	4.316472472714889	LightGBM	scheme
0.9143686224489797	0.8078571428571429	0.8001440344983244	0.8214285714285713	Klebsiella pneumoniae	imipenem	PSI	11	A-b	246	78	0	66	4.316472472714889	LightGBM	scheme
0.8956313775510203	0.6107142857142855	0.5587520379495234	1.0	Klebsiella pneumoniae	imipenem	PSI	12	A-b	246	78	0	66	4.316472472714889	LightGBM	scheme
0.8619132653061224	0.7803571428571431	0.7607664550701174	0.8214285714285713	Klebsiella pneumoniae	imipenem	PSI	13	A-b	246	78	0	66	4.316472472714889	LightGBM	scheme
0.8750342935528118	0.7875925925925923	0.9740419676642588	0.5925925925925927	Klebsiella pneumoniae	imipenem	PSI	14	A-b	247	78	0	67	4.316472472714889	LightGBM	scheme
0.9281207133058988	0.8764814814814814	0.9745256916996048	0.7777777777777776	Klebsiella pneumoniae	imipenem	PSI	15	A-b	247	78	0	67	4.316472472714889	LightGBM	scheme
0.9318381344307268	0.7729629629629626	0.7157918553944802	0.9259259259259256	Klebsiella pneumoniae	imipenem	PSI	16	A-b	247	78	0	67	4.316472472714889	LightGBM	scheme
0.936042524005487	0.8962962962962964	0.9783927536231886	0.8148148148148145	Klebsiella pneumoniae	imipenem	PSI	17	A-b	247	79	0	67	4.316472472714889	LightGBM	scheme
0.9130452674897118	0.6475925925925925	0.5899737284663623	1.0	Klebsiella pneumoniae	imipenem	PSI	18	A-b	247	79	0	67	4.316472472714889	LightGBM	scheme
0.8558710562414267	0.577962962962963	0.5408601059850409	1.0	Klebsiella pneumoniae	imipenem	PSI	19	A-b	247	79	0	67	4.316472472714889	LightGBM	scheme
0.9683	0.9000000000000005	1.0	0.7999999999999998	Klebsiella pneumoniae	imipenem	PSI	20	A-c	228	0	309	84	4.316472472714889	LightGBM	scheme
0.9327	0.8850000000000002	0.9677777777777778	0.7999999999999998	Klebsiella pneumoniae	imipenem	PSI	21	A-c	228	0	309	84	4.316472472714889	LightGBM	scheme
0.9548	0.95	1.0	0.9000000000000005	Klebsiella pneumoniae	imipenem	PSI	22	A-c	228	0	309	84	4.316472472714889	LightGBM	scheme
0.866	0.7999999999999998	1.0	0.6	Klebsiella pneumoniae	imipenem	PSI	23	A-c	228	0	309	84	4.316472472714889	LightGBM	scheme
0.7817283950617285	0.7633333333333332	0.9583333333333336	0.5555555555555555	Klebsiella pneumoniae	imipenem	PSI	24	A-c	229	0	310	85	4.316472472714889	LightGBM	scheme
0.9877160493827162	0.9444444444444444	1.0	0.888888888888889	Klebsiella pneumoniae	imipenem	PSI	25	A-c	229	0	310	85	4.316472472714889	LightGBM	scheme
1.0	0.9833333333333334	0.975	1.0	Klebsiella pneumoniae	imipenem	PSI	26	A-c	229	0	310	85	4.316472472714889	LightGBM	scheme
1.0	0.9855555555555556	0.979	1.0	Klebsiella pneumoniae	imipenem	PSI	27	A-c	229	0	310	85	4.316472472714889	LightGBM	scheme
0.9596913580246912	0.8188888888888886	0.9714285714285716	0.6666666666666669	Klebsiella pneumoniae	imipenem	PSI	28	A-c	229	0	310	85	4.316472472714889	LightGBM	scheme
0.75	0.6350000000000001	0.8625	0.3333333333333334	Klebsiella pneumoniae	imipenem	PSI	29	A-c	229	0	310	85	4.316472472714889	LightGBM	scheme
0.9515	0.9000000000000005	1.0	0.7999999999999998	Klebsiella pneumoniae	imipenem	PSI	30	A-d	0	60	309	84	4.316472472714889	LightGBM	scheme
0.9237	0.8840000000000003	0.9766666666666668	0.7999999999999998	Klebsiella pneumoniae	imipenem	PSI	31	A-d	0	60	309	84	4.316472472714889	LightGBM	scheme
0.9281	0.95	1.0	0.9000000000000005	Klebsiella pneumoniae	imipenem	PSI	32	A-d	0	60	309	84	4.316472472714889	LightGBM	scheme
0.77045	0.7999999999999998	1.0	0.6	Klebsiella pneumoniae	imipenem	PSI	33	A-d	0	60	309	84	4.316472472714889	LightGBM	scheme
0.8570987654320987	0.7655555555555554	0.955	0.5555555555555555	Klebsiella pneumoniae	imipenem	PSI	34	A-d	0	60	310	85	4.316472472714889	LightGBM	scheme
0.954567901234568	0.9444444444444444	1.0	0.888888888888889	Klebsiella pneumoniae	imipenem	PSI	35	A-d	0	60	310	85	4.316472472714889	LightGBM	scheme
1.0	0.987222222222222	0.9700000000000002	1.0	Klebsiella pneumoniae	imipenem	PSI	36	A-d	0	60	310	85	4.316472472714889	LightGBM	scheme
0.9907407407407408	0.9855555555555556	0.976	1.0	Klebsiella pneumoniae	imipenem	PSI	37	A-d	0	61	310	85	4.316472472714889	LightGBM	scheme
0.9227777777777776	0.8744444444444442	0.9625	0.7777777777777776	Klebsiella pneumoniae	imipenem	PSI	38	A-d	0	61	310	85	4.316472472714889	LightGBM	scheme
0.7032716049382717	0.6372222222222221	0.8734999999999999	0.3333333333333334	Klebsiella pneumoniae	imipenem	PSI	39	A-d	0	61	310	85	4.316472472714889	LightGBM	scheme
0.8145267489711934	0.5612962962962963	0.7111486846486845	0.2066666666666666	Klebsiella pneumoniae	imipenem	PSI	40	A-a	246	78	63	0	2.040660745684895	LightGBM	scheme
0.7846433470507544	0.5	0.0	0.0	Klebsiella pneumoniae	imipenem	PSI	41	A-a	246	78	63	0	2.040660745684895	LightGBM	scheme
0.803340192043896	0.5	0.0	0.0	Klebsiella pneumoniae	imipenem	PSI	42	A-a	246	78	63	0	2.040660745684895	LightGBM	scheme
0.779389574759945	0.5	0.0	0.0	Klebsiella pneumoniae	imipenem	PSI	43	A-a	246	78	63	0	2.040660745684895	LightGBM	scheme
0.8555898491083676	0.5	0.0	0.0	Klebsiella pneumoniae	imipenem	PSI	44	A-a	247	78	63	0	2.040660745684895	LightGBM	scheme
0.8781344307270235	0.5066666666666666	0.3	0.0092592592592592	Klebsiella pneumoniae	imipenem	PSI	45	A-a	247	78	63	0	2.040660745684895	LightGBM	scheme
0.7603566529492457	0.5	0.0	0.0	Klebsiella pneumoniae	imipenem	PSI	46	A-a	247	78	63	0	2.040660745684895	LightGBM	scheme
0.7617558299039777	0.4962962962962963	0.29	0.0292592592592592	Klebsiella pneumoniae	imipenem	PSI	47	A-a	247	79	63	0	2.040660745684895	LightGBM	scheme
0.8191563786008231	0.5837037037037037	0.7551506271506271	0.2462962962962963	Klebsiella pneumoniae	imipenem	PSI	48	A-a	247	79	63	0	2.040660745684895	LightGBM	scheme
0.7568587105624143	0.5014814814814815	0.11	0.0033333333333333	Klebsiella pneumoniae	imipenem	PSI	49	A-a	247	79	63	0	2.040660745684895	LightGBM	scheme
0.7602763429752066	0.6677272727272728	0.6019575094475108	0.9772727272727276	Klebsiella pneumoniae	imipenem	PSI	50	A-b	246	78	0	209	2.040660745684895	LightGBM	scheme
0.7613558884297521	0.7114772727272729	0.6400364424099105	1.0	Klebsiella pneumoniae	imipenem	PSI	51	A-b	246	78	0	209	2.040660745684895	LightGBM	scheme
0.7784710743801653	0.7177272727272728	0.6389839072217967	1.0	Klebsiella pneumoniae	imipenem	PSI	52	A-b	246	78	0	209	2.040660745684895	LightGBM	scheme
0.7615035154137371	0.7177906976744185	0.637229209393692	1.0	Klebsiella pneumoniae	imipenem	PSI	53	A-b	246	78	0	210	2.040660745684895	LightGBM	scheme
0.7417847485127095	0.6793023255813955	0.6081851728636198	1.0	Klebsiella pneumoniae	imipenem	PSI	54	A-b	247	78	0	210	2.040660745684895	LightGBM	scheme
0.8144862087614929	0.7196511627906977	0.6418290862829135	1.0	Klebsiella pneumoniae	imipenem	PSI	55	A-b	247	78	0	210	2.040660745684895	LightGBM	scheme
0.7333288263926449	0.7024418604651161	0.6334349740954499	0.9767441860465118	Klebsiella pneumoniae	imipenem	PSI	56	A-b	247	78	0	210	2.040660745684895	LightGBM	scheme
0.7216738777717684	0.6776744186046512	0.6067380743756623	1.0	Klebsiella pneumoniae	imipenem	PSI	57	A-b	247	79	0	210	2.040660745684895	LightGBM	scheme
0.7639453758788534	0.7194186046511629	0.6387188300821155	1.0	Klebsiella pneumoniae	imipenem	PSI	58	A-b	247	79	0	210	2.040660745684895	LightGBM	scheme
0.7817685235262307	0.6794186046511629	0.609790502752086	1.0	Klebsiella pneumoniae	imipenem	PSI	59	A-b	247	79	0	210	2.040660745684895	LightGBM	scheme
0.9655555555555554	0.9227777777777778	0.8956666666666669	0.9588888888888888	Klebsiella pneumoniae	imipenem	PSI	60	A-c	228	0	81	227	2.040660745684895	LightGBM	scheme
1.0	0.9444444444444444	0.9000000000000005	1.0	Klebsiella pneumoniae	imipenem	PSI	61	A-c	228	0	81	227	2.040660745684895	LightGBM	scheme
1.0	1.0	1.0	1.0	Klebsiella pneumoniae	imipenem	PSI	62	A-c	228	0	81	227	2.040660745684895	LightGBM	scheme
0.9198765432098764	0.8277777777777776	0.7993434343434344	0.8733333333333332	Klebsiella pneumoniae	imipenem	PSI	63	A-c	228	0	81	228	2.040660745684895	LightGBM	scheme
0.8674074074074075	0.7777777777777776	0.6923076923076924	1.0	Klebsiella pneumoniae	imipenem	PSI	64	A-c	229	0	81	228	2.040660745684895	LightGBM	scheme
0.8961728395061729	0.7561111111111108	0.6841025641025644	0.9611111111111112	Klebsiella pneumoniae	imipenem	PSI	65	A-c	229	0	81	228	2.040660745684895	LightGBM	scheme
0.961358024691358	0.9088888888888887	0.8920555555555559	0.918888888888889	Klebsiella pneumoniae	imipenem	PSI	66	A-c	229	0	81	228	2.040660745684895	LightGBM	scheme
0.7435802469135802	0.6655555555555559	0.6120712620712622	0.8766666666666666	Klebsiella pneumoniae	imipenem	PSI	67	A-c	229	0	81	228	2.040660745684895	LightGBM	scheme
1.0	0.9444444444444444	0.9000000000000005	1.0	Klebsiella pneumoniae	imipenem	PSI	68	A-c	229	0	81	228	2.040660745684895	LightGBM	scheme
0.9875308641975312	0.8333333333333331	0.75	1.0	Klebsiella pneumoniae	imipenem	PSI	69	A-c	229	0	81	228	2.040660745684895	LightGBM	scheme
0.9788888888888888	0.9444444444444444	0.9000000000000005	1.0	Klebsiella pneumoniae	imipenem	PSI	70	A-d	0	60	81	227	2.040660745684895	LightGBM	scheme
0.9965432098765432	0.9444444444444444	0.9000000000000005	1.0	Klebsiella pneumoniae	imipenem	PSI	71	A-d	0	60	81	227	2.040660745684895	LightGBM	scheme
0.9564197530864196	0.8705555555555555	0.8112727272727271	0.9566666666666666	Klebsiella pneumoniae	imipenem	PSI	72	A-d	0	60	81	227	2.040660745684895	LightGBM	scheme
0.927283950617284	0.7977777777777776	0.7305000000000001	0.93	Klebsiella pneumoniae	imipenem	PSI	73	A-d	0	60	81	228	2.040660745684895	LightGBM	scheme
0.8012345679012346	0.7222222222222224	0.642857142857143	1.0	Klebsiella pneumoniae	imipenem	PSI	74	A-d	0	60	81	228	2.040660745684895	LightGBM	scheme
0.8591358024691358	0.7050000000000003	0.6313186813186814	0.95	Klebsiella pneumoniae	imipenem	PSI	75	A-d	0	60	81	228	2.040660745684895	LightGBM	scheme
0.8901234567901237	0.7405555555555554	0.673846153846154	0.9222222222222224	Klebsiella pneumoniae	imipenem	PSI	76	A-d	0	60	81	228	2.040660745684895	LightGBM	scheme
0.7654320987654322	0.7005555555555558	0.6324175824175825	0.9633333333333332	Klebsiella pneumoniae	imipenem	PSI	77	A-d	0	61	81	228	2.040660745684895	LightGBM	scheme
1.0	0.888888888888889	0.818181818181818	1.0	Klebsiella pneumoniae	imipenem	PSI	78	A-d	0	61	81	228	2.040660745684895	LightGBM	scheme
0.9795061728395064	0.7777777777777776	0.6923076923076924	1.0	Klebsiella pneumoniae	imipenem	PSI	79	A-d	0	61	81	228	2.040660745684895	LightGBM	scheme
0.970864197530864	0.8672222222222221	0.968527777777778	0.7777777777777776	Klebsiella pneumoniae	imipenem	PSI	0	A-a	246	78	291	0	4.316472472714889	LightGBM	random
1.0	1.0	1.0	1.0	Klebsiella pneumoniae	imipenem	PSI	1	A-a	246	78	291	0	4.316472472714889	LightGBM	random
1.0	1.0	1.0	1.0	Klebsiella pneumoniae	imipenem	PSI	2	A-a	246	78	291	0	4.316472472714889	LightGBM	random
1.0	0.9444444444444444	1.0	0.888888888888889	Klebsiella pneumoniae	imipenem	PSI	3	A-a	246	78	291	0	4.316472472714889	LightGBM	random
0.9139506172839504	0.8844444444444445	0.985	0.7777777777777776	Klebsiella pneumoniae	imipenem	PSI	4	A-a	247	78	292	0	4.316472472714889	LightGBM	random
1.0	1.0	1.0	1.0	Klebsiella pneumoniae	imipenem	PSI	5	A-a	247	78	292	0	4.316472472714889	LightGBM	random
0.9779012345679016	0.9244444444444444	0.9782222222222222	0.888888888888889	Klebsiella pneumoniae	imipenem	PSI	6	A-a	247	78	292	0	4.316472472714889	LightGBM	random
0.98046875	0.921875	0.9752777777777776	0.875	Klebsiella pneumoniae	imipenem	PSI	7	A-a	247	79	292	0	4.316472472714889	LightGBM	random
0.99125	0.9375	1.0	0.875	Klebsiella pneumoniae	imipenem	PSI	8	A-a	247	79	292	0	4.316472472714889	LightGBM	random
1.0	1.0	1.0	1.0	Klebsiella pneumoniae	imipenem	PSI	9	A-a	247	79	292	0	4.316472472714889	LightGBM	random
0.9822704081632654	0.9292857142857144	0.9614540496540498	0.8989285714285715	Klebsiella pneumoniae	imipenem	PSI	10	A-b	246	78	0	66	4.316472472714889	LightGBM	random
0.9990178571428574	0.9333928571428572	1.0	0.8646428571428573	Klebsiella pneumoniae	imipenem	PSI	11	A-b	246	78	0	66	4.316472472714889	LightGBM	random
1.0	1.0	1.0	1.0	Klebsiella pneumoniae	imipenem	PSI	12	A-b	246	78	0	66	4.316472472714889	LightGBM	random
1.0	0.9326785714285716	1.0	0.8625	Klebsiella pneumoniae	imipenem	PSI	13	A-b	246	78	0	66	4.316472472714889	LightGBM	random
0.9472290809327844	0.8159259259259257	1.0	0.6403703703703704	Klebsiella pneumoniae	imipenem	PSI	14	A-b	247	78	0	67	4.316472472714889	LightGBM	random
0.985294924554184	0.9148148148148147	1.0	0.8359259259259259	Klebsiella pneumoniae	imipenem	PSI	15	A-b	247	78	0	67	4.316472472714889	LightGBM	random
0.9804458161865568	0.9379629629629628	0.9609522588522588	0.9159259259259258	Klebsiella pneumoniae	imipenem	PSI	16	A-b	247	78	0	67	4.316472472714889	LightGBM	random
0.9477572016460906	0.8940740740740739	0.9573013225904532	0.8262962962962961	Klebsiella pneumoniae	imipenem	PSI	17	A-b	247	79	0	67	4.316472472714889	LightGBM	random
1.0	0.9857407407407404	1.0	0.9677777777777778	Klebsiella pneumoniae	imipenem	PSI	18	A-b	247	79	0	67	4.316472472714889	LightGBM	random
1.0	1.0	1.0	1.0	Klebsiella pneumoniae	imipenem	PSI	19	A-b	247	79	0	67	4.316472472714889	LightGBM	random
0.9808	0.9000000000000005	1.0	0.7999999999999998	Klebsiella pneumoniae	imipenem	PSI	20	A-c	228	0	309	84	4.316472472714889	LightGBM	random
0.9762	0.8940000000000003	0.9866666666666668	0.7999999999999998	Klebsiella pneumoniae	imipenem	PSI	21	A-c	228	0	309	84	4.316472472714889	LightGBM	random
0.9771999999999998	0.9445	0.984	0.9000000000000005	Klebsiella pneumoniae	imipenem	PSI	22	A-c	228	0	309	84	4.316472472714889	LightGBM	random
0.91615	0.7999999999999998	1.0	0.6	Klebsiella pneumoniae	imipenem	PSI	23	A-c	228	0	309	84	4.316472472714889	LightGBM	random
0.8772222222222222	0.7616666666666666	0.938095238095238	0.5555555555555555	Klebsiella pneumoniae	imipenem	PSI	24	A-c	229	0	310	85	4.316472472714889	LightGBM	random
0.9945061728395064	0.9444444444444444	1.0	0.888888888888889	Klebsiella pneumoniae	imipenem	PSI	25	A-c	229	0	310	85	4.316472472714889	LightGBM	random
1.0	0.992777777777778	0.988	1.0	Klebsiella pneumoniae	imipenem	PSI	26	A-c	229	0	310	85	4.316472472714889	LightGBM	random
1.0	0.99	0.9801818181818184	1.0	Klebsiella pneumoniae	imipenem	PSI	27	A-c	229	0	310	85	4.316472472714889	LightGBM	random
0.978641975308642	0.8261111111111109	0.9885714285714288	0.6666666666666669	Klebsiella pneumoniae	imipenem	PSI	28	A-c	229	0	310	85	4.316472472714889	LightGBM	random
0.8882098765432098	0.6522222222222223	0.9395	0.3333333333333334	Klebsiella pneumoniae	imipenem	PSI	29	A-c	229	0	310	85	4.316472472714889	LightGBM	random
0.9842367346938774	0.9455714285714284	1.0	0.891714285714286	Klebsiella pneumoniae	imipenem	PSI	30	A-d	0	60	309	84	4.316472472714889	LightGBM	random
0.9675061224489796	0.9190000000000002	0.968003421309873	0.8657142857142859	Klebsiella pneumoniae	imipenem	PSI	31	A-d	0	60	309	84	4.316472472714889	LightGBM	random
0.980204081632653	0.9595714285714289	1.0	0.9177142857142856	Klebsiella pneumoniae	imipenem	PSI	32	A-d	0	60	309	84	4.316472472714889	LightGBM	random
0.9298000000000004	0.9042857142857146	1.0	0.8111428571428572	Klebsiella pneumoniae	imipenem	PSI	33	A-d	0	60	309	84	4.316472472714889	LightGBM	random
0.9470328719723184	0.9024999999999996	0.9658505747126438	0.8344117647058826	Klebsiella pneumoniae	imipenem	PSI	34	A-d	0	60	310	85	4.316472472714889	LightGBM	random
0.9884948096885812	0.9580882352941174	1.0	0.9173529411764704	Klebsiella pneumoniae	imipenem	PSI	35	A-d	0	60	310	85	4.316472472714889	LightGBM	random
0.9959688581314876	0.9580882352941176	0.9698563789152024	0.9438235294117646	Klebsiella pneumoniae	imipenem	PSI	36	A-d	0	60	310	85	4.316472472714889	LightGBM	random
0.9890700692041524	0.9279411764705882	0.9678528225806454	0.8873529411764706	Klebsiella pneumoniae	imipenem	PSI	37	A-d	0	61	310	85	4.316472472714889	LightGBM	random
0.9745501730103808	0.913970588235294	0.9668279569892474	0.8579411764705882	Klebsiella pneumoniae	imipenem	PSI	38	A-d	0	61	310	85	4.316472472714889	LightGBM	random
0.9179368512110726	0.8567647058823531	0.9291379310344828	0.771764705882353	Klebsiella pneumoniae	imipenem	PSI	39	A-d	0	61	310	85	4.316472472714889	LightGBM	random
0.9010493827160494	0.8683333333333333	0.9520833333333334	0.7777777777777776	Klebsiella pneumoniae	imipenem	PSI	40	A-a	246	78	63	0	2.040660745684895	LightGBM	random
1.0	1.0	1.0	1.0	Klebsiella pneumoniae	imipenem	PSI	41	A-a	246	78	63	0	2.040660745684895	LightGBM	random
1.0	1.0	1.0	1.0	Klebsiella pneumoniae	imipenem	PSI	42	A-a	246	78	63	0	2.040660745684895	LightGBM	random
0.9956790123456792	0.9444444444444444	1.0	0.888888888888889	Klebsiella pneumoniae	imipenem	PSI	43	A-a	246	78	63	0	2.040660745684895	LightGBM	random
0.8953086419753085	0.8333333333333331	1.0	0.6666666666666669	Klebsiella pneumoniae	imipenem	PSI	44	A-a	247	78	63	0	2.040660745684895	LightGBM	random
1.0	1.0	1.0	1.0	Klebsiella pneumoniae	imipenem	PSI	45	A-a	247	78	63	0	2.040660745684895	LightGBM	random
0.9321604938271604	0.9444444444444444	1.0	0.888888888888889	Klebsiella pneumoniae	imipenem	PSI	46	A-a	247	78	63	0	2.040660745684895	LightGBM	random
0.866875	0.74	0.972	0.5	Klebsiella pneumoniae	imipenem	PSI	47	A-a	247	79	63	0	2.040660745684895	LightGBM	random
0.9721875	0.916875	0.9655555555555556	0.875	Klebsiella pneumoniae	imipenem	PSI	48	A-a	247	79	63	0	2.040660745684895	LightGBM	random
1.0	0.9375	1.0	0.875	Klebsiella pneumoniae	imipenem	PSI	49	A-a	247	79	63	0	2.040660745684895	LightGBM	random
0.9759183673469388	0.9367857142857144	0.929109286626528	0.9453571428571428	Klebsiella pneumoniae	imipenem	PSI	50	A-b	246	78	0	209	2.040660745684895	LightGBM	random
1.0	1.0	1.0	1.0	Klebsiella pneumoniae	imipenem	PSI	51	A-b	246	78	0	209	2.040660745684895	LightGBM	random
1.0	1.0	1.0	1.0	Klebsiella pneumoniae	imipenem	PSI	52	A-b	246	78	0	209	2.040660745684895	LightGBM	random
1.0	1.0	1.0	1.0	Klebsiella pneumoniae	imipenem	PSI	53	A-b	246	78	0	210	2.040660745684895	LightGBM	random
0.979670781893004	0.9837037037037036	1.0	0.962222222222222	Klebsiella pneumoniae	imipenem	PSI	54	A-b	247	78	0	210	2.040660745684895	LightGBM	random
1.0	1.0	1.0	1.0	Klebsiella pneumoniae	imipenem	PSI	55	A-b	247	78	0	210	2.040660745684895	LightGBM	random
0.9845610425240056	0.9620370370370372	0.9627574277574276	0.9666666666666666	Klebsiella pneumoniae	imipenem	PSI	56	A-b	247	78	0	210	2.040660745684895	LightGBM	random
0.9875857338820304	0.9716666666666663	0.9635449735449736	0.9814814814814816	Klebsiella pneumoniae	imipenem	PSI	57	A-b	247	79	0	210	2.040660745684895	LightGBM	random
0.9914814814814816	0.9888888888888886	1.0	0.9807407407407408	Klebsiella pneumoniae	imipenem	PSI	58	A-b	247	79	0	210	2.040660745684895	LightGBM	random
1.0	1.0	1.0	1.0	Klebsiella pneumoniae	imipenem	PSI	59	A-b	247	79	0	210	2.040660745684895	LightGBM	random
0.9946153846153848	0.9715384615384616	0.9815384615384616	0.9615384615384618	Klebsiella pneumoniae	imipenem	PSI	60	A-c	228	0	81	227	2.040660745684895	LightGBM	random
1.0	0.9915384615384616	0.9833333333333332	1.0	Klebsiella pneumoniae	imipenem	PSI	61	A-c	228	0	81	227	2.040660745684895	LightGBM	random
1.0	0.9903846153846152	0.9874074074074072	1.0	Klebsiella pneumoniae	imipenem	PSI	62	A-c	228	0	81	227	2.040660745684895	LightGBM	random
0.985904	0.9227999999999998	0.9611956521739132	0.88	Klebsiella pneumoniae	imipenem	PSI	63	A-c	228	0	81	228	2.040660745684895	LightGBM	random
0.979232	0.9625999999999998	0.9320193886573196	1.0	Klebsiella pneumoniae	imipenem	PSI	64	A-c	229	0	81	228	2.040660745684895	LightGBM	random
0.9826559999999998	0.9413999999999996	0.926397557997558	0.96	Klebsiella pneumoniae	imipenem	PSI	65	A-c	229	0	81	228	2.040660745684895	LightGBM	random
0.9928	0.9514	0.9808333333333332	0.9200000000000002	Klebsiella pneumoniae	imipenem	PSI	66	A-c	229	0	81	228	2.040660745684895	LightGBM	random
0.956016	0.8961999999999999	0.9116204880465753	0.88	Klebsiella pneumoniae	imipenem	PSI	67	A-c	229	0	81	228	2.040660745684895	LightGBM	random
1.0	0.9896000000000004	0.9811538461538464	1.0	Klebsiella pneumoniae	imipenem	PSI	68	A-c	229	0	81	228	2.040660745684895	LightGBM	random
0.9979360000000002	0.973	0.9477940577940576	1.0	Klebsiella pneumoniae	imipenem	PSI	69	A-c	229	0	81	228	2.040660745684895	LightGBM	random
0.9830864197530866	0.9444444444444444	0.9000000000000005	1.0	Klebsiella pneumoniae	imipenem	PSI	70	A-d	0	60	81	227	2.040660745684895	LightGBM	random
0.9962962962962963	0.9444444444444444	0.9000000000000005	1.0	Klebsiella pneumoniae	imipenem	PSI	71	A-d	0	60	81	227	2.040660745684895	LightGBM	random
0.9701234567901236	0.8749999999999999	0.8145454545454546	0.9822222222222224	Klebsiella pneumoniae	imipenem	PSI	72	A-d	0	60	81	227	2.040660745684895	LightGBM	random
0.9606172839506172	0.8138888888888889	0.7419545454545456	0.9533333333333336	Klebsiella pneumoniae	imipenem	PSI	73	A-d	0	60	81	228	2.040660745684895	LightGBM	random
0.8887654320987655	0.7222222222222224	0.642857142857143	1.0	Klebsiella pneumoniae	imipenem	PSI	74	A-d	0	60	81	228	2.040660745684895	LightGBM	random
0.9108641975308645	0.7111111111111112	0.6376373626373628	0.9822222222222224	Klebsiella pneumoniae	imipenem	PSI	75	A-d	0	60	81	228	2.040660745684895	LightGBM	random
0.9455555555555556	0.7616666666666664	0.6813053613053615	0.9633333333333334	Klebsiella pneumoniae	imipenem	PSI	76	A-d	0	60	81	228	2.040660745684895	LightGBM	random
0.7998765432098764	0.7161111111111115	0.6395604395604398	0.9833333333333334	Klebsiella pneumoniae	imipenem	PSI	77	A-d	0	61	81	228	2.040660745684895	LightGBM	random
0.9938271604938268	0.888888888888889	0.818181818181818	1.0	Klebsiella pneumoniae	imipenem	PSI	78	A-d	0	61	81	228	2.040660745684895	LightGBM	random
0.987777777777778	0.7777777777777776	0.6923076923076924	1.0	Klebsiella pneumoniae	imipenem	PSI	79	A-d	0	61	81	228	2.040660745684895	LightGBM	random
